filter,mjd,flux,zp,magsys,fluxerr,ra_unc,dec_unc,ra,dec
ztfg,58134.025611226854,30988.46042012061,25.0,ab,371.0385501207088,0.25,0.22,214.740005,28.140005
ztfg,58135.025611226854,29241.52377843337,25.0,ab,350.12170462736145,0.25,0.22,214.740001,28.140001
ztfg,58136.025611226854,25142.010301590228,25.0,ab,301.0364155866526,0.25,0.22,214.740009,28.140009
